<?xml version="1.0" encoding="UTF-8"?>
<project-private xmlns="http://www.netbeans.org/ns/project-private/1">
    <editor-bookmarks xmlns="http://www.netbeans.org/ns/editor-bookmarks/2" lastBookmarkId="0"/>
    <open-files xmlns="http://www.netbeans.org/ns/projectui-open-files/2">
        <group>
            <file>file:/C:/Users/SID/Documents/NetBeansProjects/DijkstraApp/src/graph/DijkstraApp.java</file>
            <file>file:/C:/Users/SID/Documents/NetBeansProjects/DijkstraApp/src/graph/GraphController.java</file>
            <file>file:/C:/Users/SID/Documents/NetBeansProjects/DijkstraApp/src/graph/Edge.java</file>
            <file>file:/C:/Users/SID/Documents/NetBeansProjects/DijkstraApp/src/graph/GraphCanvas.fxml</file>
            <file>file:/C:/Users/SID/Documents/NetBeansProjects/DijkstraApp/src/graph/Node.java</file>
            <file>file:/C:/Users/SID/Documents/NetBeansProjects/DijkstraApp/src/graph/Dijkstra.java</file>
        </group>
    </open-files>
</project-private>
